{"Abohar": "https://www.swiggy.com/city/abohar", "Adilabad": "https://www.swiggy.com/city/adilabad", "Adityapur": "https://www.swiggy.com/city/adityapur", "Adoni": "https://www.swiggy.com/city/adoni", "Agartala": "https://www.swiggy.com/city/agartala", "Agra": "https://www.swiggy.com/city/agra", "Ahmedabad": {"Vastrapur": "https://www.swiggy.com/city/ahmedabad/vastrapur-restaurants", "GOTA": "https://www.swiggy.com/city/ahmedabad/GOTA-restaurants", "Paldi & Ambawadi": "https://www.swiggy.com/city/ahmedabad/paldi-ambawadi-restaurants", "Ghatlodia": "https://www.swiggy.com/city/ahmedabad/Ghatlodia-restaurants", "Bopal": "https://www.swiggy.com/city/ahmedabad/bopal-restaurants", "Prahlad Nagar": "https://www.swiggy.com/city/ahmedabad/prahladnagar-restaurants", "Gandhinagar": "https://www.swiggy.com/city/ahmedabad/Gandhinagar-restaurants", "LalDarwaja": "https://www.swiggy.com/city/ahmedabad/LalDarwaja-restaurants", "Naranpura": "https://www.swiggy.com/city/ahmedabad/Naranpura-restaurants", "Navrangpura": "https://www.swiggy.com/city/ahmedabad/navrangpura-restaurants", "Science City": "https://www.swiggy.com/city/ahmedabad/Science City-restaurants", "Maninagar": "https://www.swiggy.com/city/ahmedabad/Maninagar-restaurants", "Chandkheda": "https://www.swiggy.com/city/ahmedabad/Chandkheda-restaurants", "link": "https://www.swiggy.com/city/ahmedabad"}, "Ahmednagar": "https://www.swiggy.com/city/ahmednagar", "Aizawl": "https://www.swiggy.com/city/aizawl", "Ajmer": "https://www.swiggy.com/city/ajmer", "Akola": "https://www.swiggy.com/city/akola", "Alappuzha": "https://www.swiggy.com/city/alappuzha", "Aligarh": "https://www.swiggy.com/city/aligarh", "Alipurduar": "https://www.swiggy.com/city/alipurduar", "Allahabad": "https://www.swiggy.com/city/allahabad", "Almora": "https://www.swiggy.com/city/almora", "Alwar": "https://www.swiggy.com/city/alwar", "Amalapuram": "https://www.swiggy.com/city/amalapuram", "Ambala": "https://www.swiggy.com/city/ambala", "Ambikapur": "https://www.swiggy.com/city/ambikapur", "Ambur": "https://www.swiggy.com/city/ambur", "Amravati": "https://www.swiggy.com/city/amravati", "Amreli": "https://www.swiggy.com/city/amreli", "Amritsar": "https://www.swiggy.com/city/amritsar", "Anand": "https://www.swiggy.com/city/anand", "Anantapur": "https://www.swiggy.com/city/anantapur", "Angul": "https://www.swiggy.com/city/angul", "Ankleshwar": "https://www.swiggy.com/city/ankleshwar", "Arakkonam": "https://www.swiggy.com/city/arakkonam", "Arambagh": "https://www.swiggy.com/city/arambagh", "Arrah": "https://www.swiggy.com/city/arrah", "Aruppukottai": "https://www.swiggy.com/city/aruppukottai", "Asansol": "https://www.swiggy.com/city/asansol", "Aurangabad": "https://www.swiggy.com/city/aurangabad", "Aurangabad_bihar": "https://www.swiggy.com/city/aurangabad_bihar", "Azamgarh": "https://www.swiggy.com/city/azamgarh", "Baddi": "https://www.swiggy.com/city/baddi", "Bagalkot": "https://www.swiggy.com/city/bagalkot", "Bagdogra": "https://www.swiggy.com/city/bagdogra", "Bagula": "https://www.swiggy.com/city/bagula", "Bahadurgarh": "https://www.swiggy.com/city/bahadurgarh", "Bahraich": "https://www.swiggy.com/city/bahraich", "Balaghat": "https://www.swiggy.com/city/balaghat", "Balangir": "https://www.swiggy.com/city/balangir", "Balasore": "https://www.swiggy.com/city/balasore", "Ballari": "https://www.swiggy.com/city/ballari", "Balrampur": "https://www.swiggy.com/city/balrampur", "Balurghat": "https://www.swiggy.com/city/balurghat", "Banda": "https://www.swiggy.com/city/banda", "Bangalore": {"Yeshwanthpur": "https://www.swiggy.com/city/bangalore/yeshwanthpur-restaurants", "Geddalahalli": "https://www.swiggy.com/city/bangalore/geddalahalli-restaurants", "Basavanagudi": "https://www.swiggy.com/city/bangalore/basavanagudi-restaurants", "Koramangala": "https://www.swiggy.com/city/bangalore/koramangala-restaurants", "JP Nagar": "https://www.swiggy.com/city/bangalore/jp-nagar-restaurants", "Mahadevpura": "https://www.swiggy.com/city/bangalore/mahadevpura-restaurants", "HSR": "https://www.swiggy.com/city/bangalore/hsr-restaurants", "Arekere": "https://www.swiggy.com/city/bangalore/arekere-restaurants", "Indiranagar": "https://www.swiggy.com/city/bangalore/indiranagar-restaurants", "Banashankari": "https://www.swiggy.com/city/bangalore/banashankari-restaurants", "Whitefield": "https://www.swiggy.com/city/bangalore/whitefield-restaurants", "Nagavara & Hennur": "https://www.swiggy.com/city/bangalore/nagavara-hennur-restaurants", "Kammanahalli/Kalyan Nagar": "https://www.swiggy.com/city/bangalore/kammanahalli-restaurants", "Kumaraswamy Layout & Uttarahalli": "https://www.swiggy.com/city/bangalore/kumaraswamy-layout-restaurants", "BTM": "https://www.swiggy.com/city/bangalore/btm-restaurants", "Battarahalli": "https://www.swiggy.com/city/bangalore/battarahalli-restaurants", "Banaswadi": "https://www.swiggy.com/city/bangalore/banaswadi-restaurants", "Basaveshwaranagar": "https://www.swiggy.com/city/bangalore/basaveshwaranagar-restaurants", "Bellandur/Sarjapur": "https://www.swiggy.com/city/bangalore/bellandur sarjapur-restaurants", "Frazer Town": "https://www.swiggy.com/city/bangalore/frazer-town-restaurants", "Sanjay Nagar, New BEL Road": "https://www.swiggy.com/city/bangalore/sanjay-nagar-new-bel-road-restaurants", "Yelahanka": "https://www.swiggy.com/city/bangalore/yelahanka-restaurants", "Majestic": "https://www.swiggy.com/city/bangalore/majestic-restaurants", "Kanakapura Road": "https://www.swiggy.com/city/bangalore/Kanakapura_Road-restaurants", "R.T. Nagar": "https://www.swiggy.com/city/bangalore/rt-nagar-restaurants", "Kadugodi": "https://www.swiggy.com/city/bangalore/kadugodi-restaurants", "Marathahalli": "https://www.swiggy.com/city/bangalore/marathahalli-restaurants", "Rajarajeshwari Nagar": "https://www.swiggy.com/city/bangalore/rajarajeshwari-nagar-restaurants", "CV Raman Nagar": "https://www.swiggy.com/city/bangalore/cv-raman-nagar-restaurants", "Electronic City": "https://www.swiggy.com/city/bangalore/electronic-city-restaurants", "Rajajinagar": "https://www.swiggy.com/city/bangalore/rajajinagar-restaurants", "Kudlu_gate": "https://www.swiggy.com/city/bangalore/blr_kudlugate-restaurants", "Kadubeesanahalli": "https://www.swiggy.com/city/bangalore/kadubeesanahalli-restaurants", "Shantinagar": "https://www.swiggy.com/city/bangalore/shantinagar-restaurants", "Jayanagar": "https://www.swiggy.com/city/bangalore/jayanagar-restaurants", "Central Bangalore": "https://www.swiggy.com/city/bangalore/central-bangalore-restaurants", "Wilson Garden": "https://www.swiggy.com/city/bangalore/wilson-garden-restaurants", "link": "https://www.swiggy.com/city/bangalore"}, "Bankabihar": "https://www.swiggy.com/city/bankabihar", "Bankura": "https://www.swiggy.com/city/bankura", "Bantwal": "https://www.swiggy.com/city/bantwal", "Bapatlachirala": "https://www.swiggy.com/city/bapatlachirala", "Baramati": "https://www.swiggy.com/city/baramati", "Baran": "https://www.swiggy.com/city/baran", "Baraut": "https://www.swiggy.com/city/baraut", "Bardhaman": "https://www.swiggy.com/city/bardhaman", "Bardoli": "https://www.swiggy.com/city/bardoli", "Bareilly": "https://www.swiggy.com/city/bareilly", "Baripada": "https://www.swiggy.com/city/baripada", "Barmer": "https://www.swiggy.com/city/barmer", "Barnala": "https://www.swiggy.com/city/barnala", "Barshi": "https://www.swiggy.com/city/barshi", "Barwani": "https://www.swiggy.com/city/barwani", "Basirhat": "https://www.swiggy.com/city/basirhat", "Basti": "https://www.swiggy.com/city/basti", "Batala": "https://www.swiggy.com/city/batala", "Bathinda": "https://www.swiggy.com/city/bathinda", "Beawar": "https://www.swiggy.com/city/beawar", "Beed": "https://www.swiggy.com/city/beed", "Begusarai": "https://www.swiggy.com/city/begusarai", "Bela-pratapgarh": "https://www.swiggy.com/city/bela-pratapgarh", "Belgaum": "https://www.swiggy.com/city/belgaum", "Berhampore": "https://www.swiggy.com/city/berhampore", "Berhampur": "https://www.swiggy.com/city/berhampur", "Bettiah": "https://www.swiggy.com/city/bettiah", "Betul": "https://www.swiggy.com/city/betul", "Bhadohi": "https://www.swiggy.com/city/bhadohi", "Bhadrachalam": "https://www.swiggy.com/city/bhadrachalam", "Bhadrak": "https://www.swiggy.com/city/bhadrak", "Bhadravati": "https://www.swiggy.com/city/bhadravati", "Bhagalpur": "https://www.swiggy.com/city/bhagalpur", "Bhandara": "https://www.swiggy.com/city/bhandara", "Bharabanki": "https://www.swiggy.com/city/bharabanki", "Bharatpur": "https://www.swiggy.com/city/bharatpur", "Bharuch": "https://www.swiggy.com/city/bharuch", "Bhatkal": "https://www.swiggy.com/city/bhatkal", "Bhavnagar": "https://www.swiggy.com/city/bhavnagar", "Bhawanipatna": "https://www.swiggy.com/city/bhawanipatna", "Bhilai": "https://www.swiggy.com/city/bhilai", "Bhilwara": "https://www.swiggy.com/city/bhilwara", "Bhimavaram": "https://www.swiggy.com/city/bhimavaram", "Bhind": "https://www.swiggy.com/city/bhind", "Bhiwadi": "https://www.swiggy.com/city/bhiwadi", "Bhiwani": "https://www.swiggy.com/city/bhiwani", "Bhopal": "https://www.swiggy.com/city/bhopal", "Bhubaneswar": "https://www.swiggy.com/city/bhubaneswar", "Bhuj": "https://www.swiggy.com/city/bhuj", "Bhusawal": "https://www.swiggy.com/city/bhusawal", "Bidar": "https://www.swiggy.com/city/bidar", "Biharsharif": "https://www.swiggy.com/city/biharsharif", "Bijapur": "https://www.swiggy.com/city/bijapur", "Bijnor": "https://www.swiggy.com/city/bijnor", "Bikaner": "https://www.swiggy.com/city/bikaner", "Bilaspur": "https://www.swiggy.com/city/bilaspur", "Bilaspur-hp": "https://www.swiggy.com/city/bilaspur-hp", "Bilimora": "https://www.swiggy.com/city/bilimora", "Biswanath-chariali": "https://www.swiggy.com/city/biswanath-chariali", "Bodhan-rural": "https://www.swiggy.com/city/bodhan-rural", "Bodinayakanur": "https://www.swiggy.com/city/bodinayakanur", "Boisar": "https://www.swiggy.com/city/boisar", "Bokaro": "https://www.swiggy.com/city/bokaro", "Bolpur": "https://www.swiggy.com/city/bolpur", "Bongaigaon": "https://www.swiggy.com/city/bongaigaon", "Bongaon": "https://www.swiggy.com/city/bongaon", "Budaun": "https://www.swiggy.com/city/budaun", "Budhwal": "https://www.swiggy.com/city/budhwal", "Bulandshahr": "https://www.swiggy.com/city/bulandshahr", "Buldana": "https://www.swiggy.com/city/buldana", "Bundi": "https://www.swiggy.com/city/bundi", "Burhanpur": "https://www.swiggy.com/city/burhanpur", "Buxar": "https://www.swiggy.com/city/buxar", "Central-goa": "https://www.swiggy.com/city/central-goa", "Chakdaha": "https://www.swiggy.com/city/chakdaha", "Chalakkudy": "https://www.swiggy.com/city/chalakkudy", "Chalisgaon": "https://www.swiggy.com/city/chalisgaon", "Chandausi": "https://www.swiggy.com/city/chandausi", "Chandigarh": {"Greater Mohali": "https://www.swiggy.com/city/chandigarh/Sector33-45-restaurants", "Zirakpur": "https://www.swiggy.com/city/chandigarh/zirakpur-restaurants", "East Chd": "https://www.swiggy.com/city/chandigarh/sector1-12-restaurants", "North Mohali": "https://www.swiggy.com/city/chandigarh/mohali-restaurants", "South Mohali": "https://www.swiggy.com/city/chandigarh/chandigarh-industrial-restaurants", "West Chd": "https://www.swiggy.com/city/chandigarh/sector13-25-restaurants", "Panchkula": "https://www.swiggy.com/city/chandigarh/panchkula-restaurants", "South Chd": "https://www.swiggy.com/city/chandigarh/sector26-32-restaurants", "Dera Bassi": "https://www.swiggy.com/city/chandigarh/Dera Bassi-restaurants", "link": "https://www.swiggy.com/city/chandigarh"}, "Chandrapur": "https://www.swiggy.com/city/chandrapur", "Changanassery": "https://www.swiggy.com/city/changanassery", "Chengannur": "https://www.swiggy.com/city/chengannur", "Chennai": {"Poonamallee": "https://www.swiggy.com/city/chennai/poonamallee-restaurants", "OMR Navalur": "https://www.swiggy.com/city/chennai/omr-navalur-restaurants", "Mylapore": "https://www.swiggy.com/city/chennai/mylapore-restaurants", "Guindy": "https://www.swiggy.com/city/chennai/guindy-restaurants", "Annanagar": "https://www.swiggy.com/city/chennai/annanagar-restaurants", "Chrompet": "https://www.swiggy.com/city/chennai/Chrompet-restaurants", "Urapakkam": "https://www.swiggy.com/city/chennai/urapakkam-restaurants", "George Town": "https://www.swiggy.com/city/chennai/george-town-restaurants", "KK Nagar": "https://www.swiggy.com/city/chennai/kk-nagar-restaurants", "OMR Perungudi": "https://www.swiggy.com/city/chennai/omr-perungudi-restaurants", "Kilpauk": "https://www.swiggy.com/city/chennai/kilpauk-restaurants", "Vadapalani": "https://www.swiggy.com/city/chennai/vadapalani-restaurants", "Perambur": "https://www.swiggy.com/city/chennai/perambur-restaurants", "Royapettah": "https://www.swiggy.com/city/chennai/royapettah-restaurants", "Kodambakkam": "https://www.swiggy.com/city/chennai/kodambakkam-restaurants", "Tambaram": "https://www.swiggy.com/city/chennai/tambaram-restaurants", "Padur": "https://www.swiggy.com/city/chennai/padur-restaurants", "Velachery": "https://www.swiggy.com/city/chennai/velachery-restaurants", "Nungambakkam": "https://www.swiggy.com/city/chennai/nungambakkam-restaurants", "Avadi": "https://www.swiggy.com/city/chennai/avadi-restaurants", "Porur": "https://www.swiggy.com/city/chennai/porur-restaurants", "Ramapuram": "https://www.swiggy.com/city/chennai/ramapuram-restaurants", "Perumbakkam": "https://www.swiggy.com/city/chennai/perumbakkam-restaurants", "ECR-Kottivakkam": "https://www.swiggy.com/city/chennai/ECR-kottivakkam-restaurants", "Egmore": "https://www.swiggy.com/city/chennai/egmore-restaurants", "Arumbakkam": "https://www.swiggy.com/city/chennai/Arumbakkam1-restaurants", "Madipakkam": "https://www.swiggy.com/city/chennai/madipakkam-restaurants", "Ambattur": "https://www.swiggy.com/city/chennai/ambattur-restaurants", "Mahindra World City": "https://www.swiggy.com/city/chennai/mahindra-world-city-restaurants", "Alwarpet": "https://www.swiggy.com/city/chennai/alwarpet-restaurants", "Mogappair": "https://www.swiggy.com/city/chennai/mogappair-restaurants", "Iyyapanthangal": "https://www.swiggy.com/city/chennai/iyyapanthangal-restaurants", "Medavakkam": "https://www.swiggy.com/city/chennai/medavakkam-restaurants", "Villivakkam": "https://www.swiggy.com/city/chennai/villivakkam-restaurants", "Karappakam": "https://www.swiggy.com/city/chennai/omr-karappakam-restaurants", "Royapuram": "https://www.swiggy.com/city/chennai/royapuram-restaurants", "Adyar": "https://www.swiggy.com/city/chennai/adyar-restaurants", "T Nagar": "https://www.swiggy.com/city/chennai/t-nagar-restaurants", "Purasawalkam": "https://www.swiggy.com/city/chennai/purasawalkam-restaurants", "link": "https://www.swiggy.com/city/chennai"}, "Cherthala": "https://www.swiggy.com/city/cherthala", "Chhapra": "https://www.swiggy.com/city/chhapra", "Chhatarpur": "https://www.swiggy.com/city/chhatarpur", "Chhindwara": "https://www.swiggy.com/city/chhindwara", "Chidambaram": "https://www.swiggy.com/city/chidambaram", "Chikhli": "https://www.swiggy.com/city/chikhli", "Chikkaballapur": "https://www.swiggy.com/city/chikkaballapur", "Chikmagalur": "https://www.swiggy.com/city/chikmagalur", "Chiplun": "https://www.swiggy.com/city/chiplun", "Chitradurga": "https://www.swiggy.com/city/chitradurga", "Chittoor": "https://www.swiggy.com/city/chittoor", "Chittorgarh": "https://www.swiggy.com/city/chittorgarh", "Chopda": "https://www.swiggy.com/city/chopda", "Churu": "https://www.swiggy.com/city/churu", "Coimbatore": {"Peelamedu": "https://www.swiggy.com/city/coimbatore/peelamedu-restaurants", "Hopes": "https://www.swiggy.com/city/coimbatore/hopes-restaurants", "Race Course": "https://www.swiggy.com/city/coimbatore/race-course-restaurants", "Sai Baba Colony": "https://www.swiggy.com/city/coimbatore/sai-baba-colony-restaurants", "R S Puram": "https://www.swiggy.com/city/coimbatore/rs-puram-restaurants", "Gandhipuram": "https://www.swiggy.com/city/coimbatore/gandhipuram-restaurants", "Saravanampatti": "https://www.swiggy.com/city/coimbatore/saravanampatti-restaurants", "Ramanathapuram": "https://www.swiggy.com/city/coimbatore/ramanathapuram-restaurants", "Coi_Ganapathy": "https://www.swiggy.com/city/coimbatore/Ganapathy-restaurants", "link": "https://www.swiggy.com/city/coimbatore"}, "Cooch-behar": "https://www.swiggy.com/city/cooch-behar", "Cuddalore": "https://www.swiggy.com/city/cuddalore", "Cuttack": "https://www.swiggy.com/city/cuttack", "Dahanu": "https://www.swiggy.com/city/dahanu", "Dahod": "https://www.swiggy.com/city/dahod", "Daltonganj": "https://www.swiggy.com/city/daltonganj", "Daman": "https://www.swiggy.com/city/daman", "Darbhanga": "https://www.swiggy.com/city/darbhanga", "Darjeeling": "https://www.swiggy.com/city/darjeeling", "Daund": "https://www.swiggy.com/city/daund", "Dausa": "https://www.swiggy.com/city/dausa", "Davanagere": "https://www.swiggy.com/city/davanagere", "Dehradun": {"Chukkuwala": "https://www.swiggy.com/city/dehradun/chukkuwala-restaurants", "Hathibarkala": "https://www.swiggy.com/city/dehradun/hathibarkala-restaurants", "Race Course Dehradun": "https://www.swiggy.com/city/dehradun/Race Course Dehradun-restaurants", "Jakhan": "https://www.swiggy.com/city/dehradun/jakhan-restaurants", "link": "https://www.swiggy.com/city/dehradun"}, "Dehri": "https://www.swiggy.com/city/dehri", "Delhi": {"Tis Hazari": "https://www.swiggy.com/city/delhi/Tis hazari-restaurants", "GTB Nagar": "https://www.swiggy.com/city/delhi/gtb-nagar-restaurants", "Jasola": "https://www.swiggy.com/city/delhi/jasola-restaurants", "Greater Noida": "https://www.swiggy.com/city/delhi/greater-noida-restaurants", "Mayur Vihar": "https://www.swiggy.com/city/delhi/mayur-vihar-restaurants", "BBK_MayurVihar": "https://www.swiggy.com/city/delhi/BBK_MayurVihar-restaurants", "Laxmi Nagar": "https://www.swiggy.com/city/delhi/laxmi-nagar-restaurants", "Punjabi Bagh": "https://www.swiggy.com/city/delhi/punjabi-bagh-restaurants", "Old Delhi": "https://www.swiggy.com/city/delhi/old-delhi-restaurants", "Khan Market": "https://www.swiggy.com/city/delhi/khan-market-restaurants", "Greater Kailash 2": "https://www.swiggy.com/city/delhi/greater-kailash2-restaurants", "Ashok Vihar": "https://www.swiggy.com/city/delhi/ashok-vihar-restaurants", "Noida Expressway": "https://www.swiggy.com/city/delhi/noida-expressway-restaurants", "South Extension": "https://www.swiggy.com/city/delhi/south-extension-restaurants", "Kaushambi": "https://www.swiggy.com/city/delhi/kaushambi-restaurants", "Greater Kailash New": "https://www.swiggy.com/city/delhi/greater-kailash-new-restaurants", "Vasant Kunj": "https://www.swiggy.com/city/delhi/vasant-kunj-restaurants", "Uttam Nagar": "https://www.swiggy.com/city/delhi/uttam-nagar-restaurants", "Dilshad Gardens": "https://www.swiggy.com/city/delhi/dilshad-gardens-restaurants", "Connaught Place": "https://www.swiggy.com/city/delhi/connaught-place-restaurants", "South Campus": "https://www.swiggy.com/city/delhi/south-campus-restaurants", "Rohini": "https://www.swiggy.com/city/delhi/rohini-restaurants", "BBK_Chattarpur": "https://www.swiggy.com/city/delhi/BBK_Chattarpur-restaurants", "Chattarpur": "https://www.swiggy.com/city/delhi/chattarpur-restaurants", "Lajpat Nagar": "https://www.swiggy.com/city/delhi/lajpat-nagar-restaurants", "Kirti Nagar": "https://www.swiggy.com/city/delhi/kirti-nagar-restaurants", "Janakpuri": "https://www.swiggy.com/city/delhi/janakpuri-restaurants", "Karol Bagh": "https://www.swiggy.com/city/delhi/karol-bagh-restaurants", "Golf Course": "https://www.swiggy.com/city/delhi/golf-course-restaurants", "Indirapuram": "https://www.swiggy.com/city/delhi/indirapuram-restaurants", "Dwarka": "https://www.swiggy.com/city/delhi/dwarka-restaurants", "Rajouri Garden": "https://www.swiggy.com/city/delhi/rajouri-garden-restaurants", "NSP": "https://www.swiggy.com/city/delhi/nsp-restaurants", "Malviya Nagar": "https://www.swiggy.com/city/delhi/malviya-nagar-restaurants", "Sector 18": "https://www.swiggy.com/city/delhi/Sector-18-restaurants", "link": "https://www.swiggy.com/city/delhi"}, "Deoghar": "https://www.swiggy.com/city/deoghar", "Dewas": "https://www.swiggy.com/city/dewas", "Dhanbad": "https://www.swiggy.com/city/dhanbad", "Dhar": "https://www.swiggy.com/city/dhar", "Dharamshala": "https://www.swiggy.com/city/dharamshala", "Dharapuram": "https://www.swiggy.com/city/dharapuram", "Dharmapuri": "https://www.swiggy.com/city/dharmapuri", "Dharwad": "https://www.swiggy.com/city/dharwad", "Dhoraji": "https://www.swiggy.com/city/dhoraji", "Dhule": "https://www.swiggy.com/city/dhule", "Dibrugarh": "https://www.swiggy.com/city/dibrugarh", "Digboi": "https://www.swiggy.com/city/digboi", "Dimapur": "https://www.swiggy.com/city/dimapur", "Dindigul": "https://www.swiggy.com/city/dindigul", "Diu": "https://www.swiggy.com/city/diu", "Doddaballapura": "https://www.swiggy.com/city/doddaballapura", "Duliajan": "https://www.swiggy.com/city/duliajan", "Dumka": "https://www.swiggy.com/city/dumka", "Durgapur": "https://www.swiggy.com/city/durgapur", "Eluru": "https://www.swiggy.com/city/eluru", "Erode": "https://www.swiggy.com/city/erode", "Etah": "https://www.swiggy.com/city/etah", "Etawah": "https://www.swiggy.com/city/etawah", "Faizabad": "https://www.swiggy.com/city/faizabad", "Faridabad": "https://www.swiggy.com/city/faridabad", "Faridkot": "https://www.swiggy.com/city/faridkot", "Farrukhabad": "https://www.swiggy.com/city/farrukhabad", "Fatehabad": "https://www.swiggy.com/city/fatehabad", "Fatehgarh-sahib": "https://www.swiggy.com/city/fatehgarh-sahib", "Fatehpur": "https://www.swiggy.com/city/fatehpur", "Fazilka": "https://www.swiggy.com/city/fazilka", "Firozabad": "https://www.swiggy.com/city/firozabad", "Firozpur": "https://www.swiggy.com/city/firozpur", "Freelancer": "https://www.swiggy.com/city/freelancer", "Gadag-betigeri": "https://www.swiggy.com/city/gadag-betigeri", "Gadwal": "https://www.swiggy.com/city/gadwal", "Gandhidham": "https://www.swiggy.com/city/gandhidham", "Gangapur-city": "https://www.swiggy.com/city/gangapur-city", "Gangarampur": "https://www.swiggy.com/city/gangarampur", "Gangtok": "https://www.swiggy.com/city/gangtok", "Gauriganj": "https://www.swiggy.com/city/gauriganj", "Gaya": "https://www.swiggy.com/city/gaya", "Giridih": "https://www.swiggy.com/city/giridih", "Godhra": "https://www.swiggy.com/city/godhra", "Gokak": "https://www.swiggy.com/city/gokak", "Golaghat": "https://www.swiggy.com/city/golaghat", "Gonda": "https://www.swiggy.com/city/gonda", "Gondal": "https://www.swiggy.com/city/gondal", "Gondia": "https://www.swiggy.com/city/gondia", "Gopalganj": "https://www.swiggy.com/city/gopalganj", "Gorakhpur": "https://www.swiggy.com/city/gorakhpur", "Gudivada": "https://www.swiggy.com/city/gudivada", "Guna": "https://www.swiggy.com/city/guna", "Guntakal": "https://www.swiggy.com/city/guntakal", "Guntur": "https://www.swiggy.com/city/guntur", "Gurdaspur": "https://www.swiggy.com/city/gurdaspur", "Gurgaon": {"DLF Phase 4": "https://www.swiggy.com/city/gurgaon/dlf-phase-4-restaurants", "Cyber City": "https://www.swiggy.com/city/gurgaon/cyber-city-restaurants", "Greenfields_FBD": "https://www.swiggy.com/city/gurgaon/Greenfields_FBD-restaurants", "Sector-14": "https://www.swiggy.com/city/gurgaon/sector-14-zone-restaurants", "Sector 15_FBD": "https://www.swiggy.com/city/gurgaon/Sector-15_FBD-restaurants", "New DLF Phase 4": "https://www.swiggy.com/city/gurgaon/new-dlf-phase-4-restaurants", "NIT_FBD": "https://www.swiggy.com/city/gurgaon/NIIT_FBD-restaurants", "New Sohna Road": "https://www.swiggy.com/city/gurgaon/new-sohna-road-restaurants", "Old Gurgaon (Zone 6)": "https://www.swiggy.com/city/gurgaon/old-gurgaon-restaurants", "sohna road": "https://www.swiggy.com/city/gurgaon/sohna-road-restaurants", "New Cyber City": "https://www.swiggy.com/city/gurgaon/new-cyber-city-restaurants", "link": "https://www.swiggy.com/city/gurgaon"}, "Guwahati": {"Paltan Bazaar": "https://www.swiggy.com/city/guwahati/paltanbazaar-restaurants", "Ganeshguri": "https://www.swiggy.com/city/guwahati/ganeshguri-restaurants", "link": "https://www.swiggy.com/city/guwahati"}, "Gwalior": "https://www.swiggy.com/city/gwalior", "Habra": "https://www.swiggy.com/city/habra", "Hajipur": "https://www.swiggy.com/city/hajipur", "Haldia": "https://www.swiggy.com/city/haldia", "Haldwani": "https://www.swiggy.com/city/haldwani", "Halol": "https://www.swiggy.com/city/halol", "Hampi": "https://www.swiggy.com/city/hampi", "Hansi": "https://www.swiggy.com/city/hansi", "Hanumangarh": "https://www.swiggy.com/city/hanumangarh", "Hapur": "https://www.swiggy.com/city/hapur", "Hardoi": "https://www.swiggy.com/city/hardoi", "Haridwar": "https://www.swiggy.com/city/haridwar", "Hassan": "https://www.swiggy.com/city/hassan", "Hathras": "https://www.swiggy.com/city/hathras", "Himmatnagar": "https://www.swiggy.com/city/himmatnagar", "Hindaun": "https://www.swiggy.com/city/hindaun", "Hinganghat": "https://www.swiggy.com/city/hinganghat", "Hisar": "https://www.swiggy.com/city/hisar", "Hoshangabad": "https://www.swiggy.com/city/hoshangabad", "Hoshiarpur": "https://www.swiggy.com/city/hoshiarpur", "Hospet": "https://www.swiggy.com/city/hospet", "Hosur": "https://www.swiggy.com/city/hosur", "Hubli": "https://www.swiggy.com/city/hubli", "Hyderabad": {"Kompally": "https://www.swiggy.com/city/hyderabad/kompally-restaurants", "A.S. Rao Nagar & Sainikpuri": "https://www.swiggy.com/city/hyderabad/a-s-rao-nagar-sainikpuri-restaurants", "Himayath Nagar": "https://www.swiggy.com/city/hyderabad/himayath-nagar-restaurants", "Suchitra Circle": "https://www.swiggy.com/city/hyderabad/suchitra-circle-restaurants", "Jubilee Hills": "https://www.swiggy.com/city/hyderabad/jubilee-hills-restaurants", "Boduppal & Singapore township": "https://www.swiggy.com/city/hyderabad/boduppal-singapore township-restaurants", "Kachiguda": "https://www.swiggy.com/city/hyderabad/kachiguda-restaurants", "Begumpet": "https://www.swiggy.com/city/hyderabad/begumpet-restaurants", "Kothapet & Dilsukhnagar": "https://www.swiggy.com/city/hyderabad/kothapet-restaurants", "Lingampally & Nalagandla": "https://www.swiggy.com/city/hyderabad/Lingampally-Nalagandla-restaurants", "Balanagar & Idpl": "https://www.swiggy.com/city/hyderabad/balanagar-idpl-restaurants", "Kondapur": "https://www.swiggy.com/city/hyderabad/kondapur-restaurants", "Jeedimetla & Chintal": "https://www.swiggy.com/city/hyderabad/jeedimetla-chintal-restaurants", "East Marredpally": "https://www.swiggy.com/city/hyderabad/east-marredpally-restaurants", "Narsingi & Kokapet": "https://www.swiggy.com/city/hyderabad/narsingi-kokapet-restaurants", "Nallakunta & Vidyanagar": "https://www.swiggy.com/city/hyderabad/nallakunta-vidyanagar-restaurants", "Raidurgam": "https://www.swiggy.com/city/hyderabad/Raidurgam-restaurants", "Uppal": "https://www.swiggy.com/city/hyderabad/uppal-restaurants", "Ameerpet": "https://www.swiggy.com/city/hyderabad/ameerpet-restaurants", "Somajiguda & Khairtabad": "https://www.swiggy.com/city/hyderabad/somajiguda-khairtabad-restaurants", "Abids & Koti": "https://www.swiggy.com/city/hyderabad/abids-koti-restaurants", "Banjara Hills": "https://www.swiggy.com/city/hyderabad/banjara-hills-restaurants", "Gachibowli": "https://www.swiggy.com/city/hyderabad/gachibowli-restaurants", "Suncity & Bandlaguda": "https://www.swiggy.com/city/hyderabad/suncity-bandlaguda-restaurants", "Vanasthalipuram": "https://www.swiggy.com/city/hyderabad/Vanasthalipuram-restaurants", "Nampally": "https://www.swiggy.com/city/hyderabad/nampally-restaurants", "Miyapur": "https://www.swiggy.com/city/hyderabad/miyapur-restaurants", "Manikonda": "https://www.swiggy.com/city/hyderabad/manikonda-restaurants", "Madhapur": "https://www.swiggy.com/city/hyderabad/madhapur-restaurants", "Mehdipatnam": "https://www.swiggy.com/city/hyderabad/mehdipatnam-restaurants", "Kharkhana & Trimulgherry": "https://www.swiggy.com/city/hyderabad/kharkhana-trimulgherry-restaurants", "West Marredpally": "https://www.swiggy.com/city/hyderabad/west-marredpally-restaurants", "Beeramguda": "https://www.swiggy.com/city/hyderabad/beeramguda-restaurants", "Tarnaka, Nacharam & Malkajigiri": "https://www.swiggy.com/city/hyderabad/tarnaka-nacharam-malkajigiri-restaurants", "Santoshnagar & Saidabad": "https://www.swiggy.com/city/hyderabad/santoshnagar-saidabad-restaurants", "Alwal": "https://www.swiggy.com/city/hyderabad/alwal-restaurants", "Padmarao Nagar": "https://www.swiggy.com/city/hyderabad/padmaraonagar-restaurants", "Kukatpally": "https://www.swiggy.com/city/hyderabad/kukatpally-restaurants", "Nizampet & Pragathi Nagar": "https://www.swiggy.com/city/hyderabad/nizampet-pragathi-nagar-restaurants", "Tolichowki": "https://www.swiggy.com/city/hyderabad/tolichowki-restaurants", "Nanakramguda": "https://www.swiggy.com/city/hyderabad/Nanakramguda-restaurants", "Attapur": "https://www.swiggy.com/city/hyderabad/attapur-restaurants", "link": "https://www.swiggy.com/city/hyderabad"}, "Ichalkaranji": "https://www.swiggy.com/city/ichalkaranji", "Idukki": "https://www.swiggy.com/city/idukki", "Imphal": "https://www.swiggy.com/city/imphal", "Indore": {"Sarafa": "https://www.swiggy.com/city/indore/sarafa-restaurants", "Vijay Nagar": "https://www.swiggy.com/city/indore/vijay-nagar-restaurants", "South Tukoganj": "https://www.swiggy.com/city/indore/south tukoganj-restaurants", "Bhawar Kuan": "https://www.swiggy.com/city/indore/bhawar kuan-restaurants", "Old Palasia": "https://www.swiggy.com/city/indore/old-palasia-restaurants", "New Palasia": "https://www.swiggy.com/city/indore/new-palasia-restaurants", "link": "https://www.swiggy.com/city/indore"}, "Irinjalakuda": "https://www.swiggy.com/city/irinjalakuda", "Itanagar": "https://www.swiggy.com/city/itanagar", "Itarsi": "https://www.swiggy.com/city/itarsi", "Jabalpur": "https://www.swiggy.com/city/jabalpur", "Jagdalpur": "https://www.swiggy.com/city/jagdalpur", "Jagraon": "https://www.swiggy.com/city/jagraon", "Jagtial": "https://www.swiggy.com/city/jagtial", "Jahanabad": "https://www.swiggy.com/city/jahanabad", "Jaigaon": "https://www.swiggy.com/city/jaigaon", "Jaipur": {"Manasarovar": "https://www.swiggy.com/city/jaipur/manasarovar-restaurants", "Vidhyadhar Nagar": "https://www.swiggy.com/city/jaipur/vidhyadharnagar-restaurants", "Jagatpura": "https://www.swiggy.com/city/jaipur/jagatpura-restaurants", "Pratap Nagar": "https://www.swiggy.com/city/jaipur/pratap-nagar-restaurants", "Vaishali Nagar": "https://www.swiggy.com/city/jaipur/vaishali-nagar-restaurants", "Sindhi Camp": "https://www.swiggy.com/city/jaipur/sindhi-camp-restaurants", "Raja Park": "https://www.swiggy.com/city/jaipur/Raja Park-restaurants", "Jhotwara": "https://www.swiggy.com/city/jaipur/jhotwara-restaurants", "Lal Kothi": "https://www.swiggy.com/city/jaipur/lal-kothi-restaurants", "Mansarovar Extension": "https://www.swiggy.com/city/jaipur/mansarovar-extension-restaurants", "C Scheme": "https://www.swiggy.com/city/jaipur/c-scheme-restaurants", "Malviya Nagar": "https://www.swiggy.com/city/jaipur/malviya-nagar-2-restaurants", "link": "https://www.swiggy.com/city/jaipur"}, "Jalandhar": "https://www.swiggy.com/city/jalandhar", "Jalaun": "https://www.swiggy.com/city/jalaun", "Jalgaon": "https://www.swiggy.com/city/jalgaon", "Jalpaiguri": "https://www.swiggy.com/city/jalpaiguri", "Jammu": "https://www.swiggy.com/city/jammu", "Jamnagar": "https://www.swiggy.com/city/jamnagar", "Jamshedpur": "https://www.swiggy.com/city/jamshedpur", "Jaunpur": "https://www.swiggy.com/city/jaunpur", "Jhalawar": "https://www.swiggy.com/city/jhalawar", "Jhansi": "https://www.swiggy.com/city/jhansi", "Jhargram": "https://www.swiggy.com/city/jhargram", "Jhunjhunu": "https://www.swiggy.com/city/jhunjhunu", "Jind": "https://www.swiggy.com/city/jind", "Jodhpur": "https://www.swiggy.com/city/jodhpur", "Jorhat": "https://www.swiggy.com/city/jorhat", "Junagadh": "https://www.swiggy.com/city/junagadh", "Kadapa": "https://www.swiggy.com/city/kadapa", "Kadayanallur": "https://www.swiggy.com/city/kadayanallur", "Kadiri": "https://www.swiggy.com/city/kadiri", "Kaithal": "https://www.swiggy.com/city/kaithal", "Kakinada": "https://www.swiggy.com/city/kakinada", "Kalaburagi": "https://www.swiggy.com/city/kalaburagi", "Kalady": "https://www.swiggy.com/city/kalady", "Kalna": "https://www.swiggy.com/city/kalna", "Kamareddy": "https://www.swiggy.com/city/kamareddy", "Kanchrapara": "https://www.swiggy.com/city/kanchrapara", "Kannauj": "https://www.swiggy.com/city/kannauj", "Kannur": "https://www.swiggy.com/city/kannur", "Kanpur": "https://www.swiggy.com/city/kanpur", "Kanyakumari": "https://www.swiggy.com/city/kanyakumari", "Kapurthala": "https://www.swiggy.com/city/kapurthala", "Karad": "https://www.swiggy.com/city/karad", "Karaikkudi": "https://www.swiggy.com/city/karaikkudi", "Karimnagar": "https://www.swiggy.com/city/karimnagar", "Karnal": "https://www.swiggy.com/city/karnal", "Karunagappaly": "https://www.swiggy.com/city/karunagappaly", "Karur": "https://www.swiggy.com/city/karur", "Karwar": "https://www.swiggy.com/city/karwar", "Kasaragod": "https://www.swiggy.com/city/kasaragod", "Kashipur": "https://www.swiggy.com/city/kashipur", "Katihar": "https://www.swiggy.com/city/katihar", "Katni": "https://www.swiggy.com/city/katni", "Kavali": "https://www.swiggy.com/city/kavali", "Kayamkulam": "https://www.swiggy.com/city/kayamkulam", "Kendrapada": "https://www.swiggy.com/city/kendrapada", "Kendujhar": "https://www.swiggy.com/city/kendujhar", "Khalilabad": "https://www.swiggy.com/city/khalilabad", "Khamgaon": "https://www.swiggy.com/city/khamgaon", "Khammam": "https://www.swiggy.com/city/khammam", "Khandwa": "https://www.swiggy.com/city/khandwa", "Khanna": "https://www.swiggy.com/city/khanna", "Kharagpur": "https://www.swiggy.com/city/kharagpur", "Khopoli": "https://www.swiggy.com/city/khopoli", "Kishanganj": "https://www.swiggy.com/city/kishanganj", "Kishangarh": "https://www.swiggy.com/city/kishangarh", "Kochi": {"Vyttila": "https://www.swiggy.com/city/kochi/vyttila-restaurants", "Kalamassery": "https://www.swiggy.com/city/kochi/kalamassery-restaurants", "Aluva": "https://www.swiggy.com/city/kochi/aluva-restaurants", "Panampilly Nagar": "https://www.swiggy.com/city/kochi/panampilly-nagar-restaurants", "Lulu Mall": "https://www.swiggy.com/city/kochi/lulu-mall-restaurants", "Fort Kochi": "https://www.swiggy.com/city/kochi/fort-kochi-restaurants", "Thrippunithura": "https://www.swiggy.com/city/kochi/thrippunithura-restaurants", "MG Road": "https://www.swiggy.com/city/kochi/MG-road-restaurants", "link": "https://www.swiggy.com/city/kochi"}, "Kodaikanal": "https://www.swiggy.com/city/kodaikanal", "Kohima": "https://www.swiggy.com/city/kohima", "Kolar": "https://www.swiggy.com/city/kolar", "Kolhapur": "https://www.swiggy.com/city/kolhapur", "Kolkata": {"Howrah": "https://www.swiggy.com/city/kolkata/howrah-restaurants", "South Kolkata": "https://www.swiggy.com/city/kolkata/south-kolkata-restaurants", "Rajarhat": "https://www.swiggy.com/city/kolkata/rajarhat-restaurants", "Burrabazar": "https://www.swiggy.com/city/kolkata/burrabazar-restaurants", "North Dumdum": "https://www.swiggy.com/city/kolkata/north-dumdum-restaurants", "Chinar Park": "https://www.swiggy.com/city/kolkata/chinar-park-restaurants", "Kestopur": "https://www.swiggy.com/city/kolkata/kestopur-restaurants", "Kidderpore": "https://www.swiggy.com/city/kolkata/kidderpore-restaurants", "Salt Lake": "https://www.swiggy.com/city/kolkata/salt-lake-restaurants", "Ruby Area": "https://www.swiggy.com/city/kolkata/ruby-area-restaurants", "Santoshpur": "https://www.swiggy.com/city/kolkata/santoshpur-restaurants", "Bally": "https://www.swiggy.com/city/kolkata/bally-restaurants", "Central Kolkata": "https://www.swiggy.com/city/kolkata/central-kolkata-restaurants", "Garia": "https://www.swiggy.com/city/kolkata/garia-restaurants", "Tangra": "https://www.swiggy.com/city/kolkata/tangra-area-restaurants", "Esplanade": "https://www.swiggy.com/city/kolkata/esplanade-restaurants", "Kankurgachi": "https://www.swiggy.com/city/kolkata/kankurgachi-restaurants", "Sector V Salt Lake": "https://www.swiggy.com/city/kolkata/Sector-V Salt Lake-restaurants", "Naktala": "https://www.swiggy.com/city/kolkata/Naktala-restaurants", "Behala": "https://www.swiggy.com/city/kolkata/behala-restaurants", "Alipore": "https://www.swiggy.com/city/kolkata/alipore-area-restaurants", "Lake Town": "https://www.swiggy.com/city/kolkata/lake-town-restaurants", "Dumdum": "https://www.swiggy.com/city/kolkata/dumdum-restaurants", "Jadavpur": "https://www.swiggy.com/city/kolkata/Jadavpur-restaurants", "Thakurpukur": "https://www.swiggy.com/city/kolkata/thakurpukur-restaurants", "Hatibagan": "https://www.swiggy.com/city/kolkata/hatibagan-restaurants", "link": "https://www.swiggy.com/city/kolkata"}, "Kollam": "https://www.swiggy.com/city/kollam", "Kopargaon": "https://www.swiggy.com/city/kopargaon", "Koppal": "https://www.swiggy.com/city/koppal", "Korba": "https://www.swiggy.com/city/korba", "Kota": "https://www.swiggy.com/city/kota", "Kotdwar": "https://www.swiggy.com/city/kotdwar", "Kothagudem": "https://www.swiggy.com/city/kothagudem", "Kothamanagalam": "https://www.swiggy.com/city/kothamanagalam", "Kottakkal": "https://www.swiggy.com/city/kottakkal", "Kottarakkara": "https://www.swiggy.com/city/kottarakkara", "Kottayam": "https://www.swiggy.com/city/kottayam", "Kovilpatti": "https://www.swiggy.com/city/kovilpatti", "Kozhikode": "https://www.swiggy.com/city/kozhikode", "Krishnagiri": "https://www.swiggy.com/city/krishnagiri", "Krishnanagar": "https://www.swiggy.com/city/krishnanagar", "Kumarakom": "https://www.swiggy.com/city/kumarakom", "Kumbakonam": "https://www.swiggy.com/city/kumbakonam", "Kumta": "https://www.swiggy.com/city/kumta", "Kundapura": "https://www.swiggy.com/city/kundapura", "Kunnamkullam": "https://www.swiggy.com/city/kunnamkullam", "Kurnool": "https://www.swiggy.com/city/kurnool", "Kurukshetra": "https://www.swiggy.com/city/kurukshetra", "Lakhimpur": "https://www.swiggy.com/city/lakhimpur", "Lalitpur": "https://www.swiggy.com/city/lalitpur", "Latur": "https://www.swiggy.com/city/latur", "Lonavala": "https://www.swiggy.com/city/lonavala", "Lonavla": "https://www.swiggy.com/city/lonavla", "Lucknow": {"Gomti Nagar": "https://www.swiggy.com/city/lucknow/gomti-nagar-restaurants", "Hazratganj": "https://www.swiggy.com/city/lucknow/hazratganj-restaurants", "Bbd": "https://www.swiggy.com/city/lucknow/bbd-restaurants", "Ashiyana": "https://www.swiggy.com/city/lucknow/ashiyana-restaurants", "Aminabad": "https://www.swiggy.com/city/lucknow/Aminabad-restaurants", "Aliganj": "https://www.swiggy.com/city/lucknow/aliganj-restaurants", "Mohanlalganj": "https://www.swiggy.com/city/lucknow/Mohanlal Ganj-restaurants", "Alambagh": "https://www.swiggy.com/city/lucknow/alambagh-restaurants", "Indira Nagar": "https://www.swiggy.com/city/lucknow/indira-nagar-restaurants", "link": "https://www.swiggy.com/city/lucknow"}, "Ludhiana": {"Civil Lines": "https://www.swiggy.com/city/ludhiana/civil lines-restaurants", "BRS Nagar": "https://www.swiggy.com/city/ludhiana/BRS nagar-restaurants", "Model Town": "https://www.swiggy.com/city/ludhiana/model town-restaurants", "Dugri": "https://www.swiggy.com/city/ludhiana/dugri-restaurants", "link": "https://www.swiggy.com/city/ludhiana"}, "Machilipatnam": "https://www.swiggy.com/city/machilipatnam", "Madanapalle": "https://www.swiggy.com/city/madanapalle", "Madhubani": "https://www.swiggy.com/city/madhubani", "Madikeri": "https://www.swiggy.com/city/madikeri", "Madurai": "https://www.swiggy.com/city/madurai", "Mahabaleshwar": "https://www.swiggy.com/city/mahabaleshwar", "Mahbubnagar": "https://www.swiggy.com/city/mahbubnagar", "Mahoba": "https://www.swiggy.com/city/mahoba", "Malappuram": "https://www.swiggy.com/city/malappuram", "Malda": "https://www.swiggy.com/city/malda", "Malegaon": "https://www.swiggy.com/city/malegaon", "Malout": "https://www.swiggy.com/city/malout", "Manali": "https://www.swiggy.com/city/manali", "Mancherial": "https://www.swiggy.com/city/mancherial", "Mandi-dabwali": "https://www.swiggy.com/city/mandi-dabwali", "Mandi-gobindgarh": "https://www.swiggy.com/city/mandi-gobindgarh", "Mandi-hp": "https://www.swiggy.com/city/mandi-hp", "Mandsaur": "https://www.swiggy.com/city/mandsaur", "Mandya": "https://www.swiggy.com/city/mandya", "Mangaluru": "https://www.swiggy.com/city/mangaluru", "Manipal": "https://www.swiggy.com/city/manipal", "Manjeri": "https://www.swiggy.com/city/manjeri", "Mannargudi": "https://www.swiggy.com/city/mannargudi", "Mansa": "https://www.swiggy.com/city/mansa", "Markapur": "https://www.swiggy.com/city/markapur", "Mathura": "https://www.swiggy.com/city/mathura", "Maunath-bhanjan": "https://www.swiggy.com/city/maunath-bhanjan", "Mayiladuthurai": "https://www.swiggy.com/city/mayiladuthurai", "Medinipur": "https://www.swiggy.com/city/medinipur", "Meerut": "https://www.swiggy.com/city/meerut", "Mehsana": "https://www.swiggy.com/city/mehsana", "Mettupalayam": "https://www.swiggy.com/city/mettupalayam", "Miryalaguda": "https://www.swiggy.com/city/miryalaguda", "Mirzapur": "https://www.swiggy.com/city/mirzapur", "Modinagar": "https://www.swiggy.com/city/modinagar", "Moga": "https://www.swiggy.com/city/moga", "Moodbidri": "https://www.swiggy.com/city/moodbidri", "Moradabad": "https://www.swiggy.com/city/moradabad", "Morbi": "https://www.swiggy.com/city/morbi", "Morena": "https://www.swiggy.com/city/morena", "Motihari": "https://www.swiggy.com/city/motihari", "Mount-abu": "https://www.swiggy.com/city/mount-abu", "Mughalsarai": "https://www.swiggy.com/city/mughalsarai", "Mukerian": "https://www.swiggy.com/city/mukerian", "Muktsar": "https://www.swiggy.com/city/muktsar", "Mumbai": {"Byculla": "https://www.swiggy.com/city/mumbai/byculla-restaurants", "Virar": "https://www.swiggy.com/city/mumbai/virar-restaurants", "Dahisar": "https://www.swiggy.com/city/mumbai/dahisar-east-restaurants", "Thane Panchpakhadi": "https://www.swiggy.com/city/mumbai/Thane panchpakhadi-restaurants", "Jog Gor West": "https://www.swiggy.com/city/mumbai/jog, gor west-restaurants", "Powai": "https://www.swiggy.com/city/mumbai/powai-restaurants", "Vile Parle": "https://www.swiggy.com/city/mumbai/vile-parle-restaurants", "Chembur": "https://www.swiggy.com/city/mumbai/chembur-restaurants", "Starbucks_Powai": "https://www.swiggy.com/city/mumbai/Starbucks_Powai-restaurants", "Nerul": "https://www.swiggy.com/city/mumbai/nerul-restaurants", "Starbucks_Bandra": "https://www.swiggy.com/city/mumbai/Starbucks_Bandra-restaurants", "CBD Belapur": "https://www.swiggy.com/city/mumbai/CBD-belapur-restaurants", "Lower Parel Worli": "https://www.swiggy.com/city/mumbai/lower-parel-worli-restaurants", "Kamothe": "https://www.swiggy.com/city/mumbai/kamothe-restaurants", "Andheri East": "https://www.swiggy.com/city/mumbai/andheri-east-restaurants", "Juhu": "https://www.swiggy.com/city/mumbai/juhu-restaurants", "Mulund": "https://www.swiggy.com/city/mumbai/mulund-restaurants", "Mahalaxmi Malabar Hill": "https://www.swiggy.com/city/mumbai/mahalaxmi-malabar-hill-restaurants", "Vashi": "https://www.swiggy.com/city/mumbai/Vashi-restaurants", "Jog Gor East": "https://www.swiggy.com/city/mumbai/jog-gor east-restaurants", "Parel": "https://www.swiggy.com/city/mumbai/parel-restaurants", "Panvel": "https://www.swiggy.com/city/mumbai/panvel-restaurants", "Sion Bhakti Park": "https://www.swiggy.com/city/mumbai/sion-bhakti-park-restaurants", "Bandra West": "https://www.swiggy.com/city/mumbai/bandra-west-restaurants", "Marol Sakinaka": "https://www.swiggy.com/city/mumbai/Marol Sakinaka-restaurants", "Ghatkopar Vikhroli": "https://www.swiggy.com/city/mumbai/ghatkopar-vikhroli-restaurants", "Kharghar": "https://www.swiggy.com/city/mumbai/Kharghar-restaurants", "Scruz Bandra East": "https://www.swiggy.com/city/mumbai/santacruz-east-bandra-east-restaurants", "Fort Colaba": "https://www.swiggy.com/city/mumbai/fort-colaba-restaurants", "Thane": "https://www.swiggy.com/city/mumbai/thane-restaurants", "Bhayandar": "https://www.swiggy.com/city/mumbai/bhayandar-restaurants", "Andheri West": "https://www.swiggy.com/city/mumbai/andheri-west-restaurants", "Malad Kan West": "https://www.swiggy.com/city/mumbai/malad-kandivali west-restaurants", "Mahim Dadar": "https://www.swiggy.com/city/mumbai/mahim-dadar-west-restaurants", "Bhandup": "https://www.swiggy.com/city/mumbai/bhandup-restaurants", "Borivali": "https://www.swiggy.com/city/mumbai/borivali-restaurants", "Starbucks_BKC": "https://www.swiggy.com/city/mumbai/Starbucks_BKC-restaurants", "Dombivli": "https://www.swiggy.com/city/mumbai/dombivli-restaurants", "Mira Road": "https://www.swiggy.com/city/mumbai/mira-road-restaurants", "Chowpatty": "https://www.swiggy.com/city/mumbai/chowpatty-fort-restaurants", "Thane Hiranandani Estate": "https://www.swiggy.com/city/mumbai/thane-hiranandani-estate-restaurants", "Vasai": "https://www.swiggy.com/city/mumbai/vasai-restaurants", "Matunga Wadala": "https://www.swiggy.com/city/mumbai/matunga-restaurants", "Malad Kan East": "https://www.swiggy.com/city/mumbai/mal kan east-restaurants", "Starbucks_Worli": "https://www.swiggy.com/city/mumbai/Starbucks_Worli-restaurants", "Kurla": "https://www.swiggy.com/city/mumbai/kurla-restaurants", "Airoli": "https://www.swiggy.com/city/mumbai/airoli-restaurants", "link": "https://www.swiggy.com/city/mumbai"}, "Munger": "https://www.swiggy.com/city/munger", "Murshidabad": "https://www.swiggy.com/city/murshidabad", "Mussoorie": "https://www.swiggy.com/city/mussoorie", "Muvattupuzha": "https://www.swiggy.com/city/muvattupuzha", "Muzaffarnagar": "https://www.swiggy.com/city/muzaffarnagar", "Muzaffarpur": "https://www.swiggy.com/city/muzaffarpur", "Mysore": {"Mysore North": "https://www.swiggy.com/city/mysore/mys-north-restaurants", "Mysore South": "https://www.swiggy.com/city/mysore/mys-south-restaurants", "link": "https://www.swiggy.com/city/mysore"}, "Nabadwip": "https://www.swiggy.com/city/nabadwip", "Nadiad": "https://www.swiggy.com/city/nadiad", "Nagaon": "https://www.swiggy.com/city/nagaon", "Nagapattinam": "https://www.swiggy.com/city/nagapattinam", "Nagda": "https://www.swiggy.com/city/nagda", "Nagercoil": "https://www.swiggy.com/city/nagercoil", "Nagpur": {"Dharampeth": "https://www.swiggy.com/city/nagpur/dharampeth-restaurants", "Nandanvan": "https://www.swiggy.com/city/nagpur/nandanvan-restaurants", "Sitabuldi": "https://www.swiggy.com/city/nagpur/sitabuldi-restaurants", "Pratap Nagar": "https://www.swiggy.com/city/nagpur/pratap-nagar-restaurants", "Gandhibagh": "https://www.swiggy.com/city/nagpur/gandhibagh-restaurants", "Wardhaman Nagar": "https://www.swiggy.com/city/nagpur/wardhaman Nagar-restaurants", "Bajaj Nagar": "https://www.swiggy.com/city/nagpur/bajaj-nagar-restaurants", "Manish Nagar": "https://www.swiggy.com/city/nagpur/manishnagar-restaurants", "Sadar": "https://www.swiggy.com/city/nagpur/sadar-restaurants", "Wardha Road": "https://www.swiggy.com/city/nagpur/wardharoad-restaurants", "link": "https://www.swiggy.com/city/nagpur"}, "Nagur": "https://www.swiggy.com/city/nagur", "Naharlagun": "https://www.swiggy.com/city/naharlagun", "Nainital": "https://www.swiggy.com/city/nainital", "Nalbari": "https://www.swiggy.com/city/nalbari", "Nalgonda": "https://www.swiggy.com/city/nalgonda", "Namakkal": "https://www.swiggy.com/city/namakkal", "Nanded": "https://www.swiggy.com/city/nanded", "Nandurbar": "https://www.swiggy.com/city/nandurbar", "Nandyal": "https://www.swiggy.com/city/nandyal", "Nangal": "https://www.swiggy.com/city/nangal", "Naraingarh": "https://www.swiggy.com/city/naraingarh", "Narasaraopet": "https://www.swiggy.com/city/narasaraopet", "Narnaul": "https://www.swiggy.com/city/narnaul", "Narsinghpur": "https://www.swiggy.com/city/narsinghpur", "Narsipatnam": "https://www.swiggy.com/city/narsipatnam", "Nashik": {"Bombay Naka": "https://www.swiggy.com/city/nashik/Bombay Naka-restaurants", "College Road": "https://www.swiggy.com/city/nashik/college road-restaurants", "link": "https://www.swiggy.com/city/nashik"}, "Navsari": "https://www.swiggy.com/city/navsari", "Neemuch": "https://www.swiggy.com/city/neemuch", "Nellore": "https://www.swiggy.com/city/nellore", "Neyveli": "https://www.swiggy.com/city/neyveli", "Nipani": "https://www.swiggy.com/city/nipani", "Nirmal": "https://www.swiggy.com/city/nirmal", "Nizamabad": "https://www.swiggy.com/city/nizamabad", "Noida": {"Sahibabad": "https://www.swiggy.com/city/noida/sahibabad-restaurants", "Raj Nagar": "https://www.swiggy.com/city/noida/raj-nagar-restaurants", "Crossing Republik": "https://www.swiggy.com/city/noida/crossing-republik-restaurants", "link": "https://www.swiggy.com/city/noida"}, "Noida-1": "https://www.swiggy.com/city/noida-1", "North-goa": "https://www.swiggy.com/city/north-goa", "Ongole": "https://www.swiggy.com/city/ongole", "Ooty": "https://www.swiggy.com/city/ooty", "Orai": "https://www.swiggy.com/city/orai", "Osmanabad": "https://www.swiggy.com/city/osmanabad", "Pala": "https://www.swiggy.com/city/pala", "Palakkad": "https://www.swiggy.com/city/palakkad", "Palakollu": "https://www.swiggy.com/city/palakollu", "Palampur": "https://www.swiggy.com/city/palampur", "Palani": "https://www.swiggy.com/city/palani", "Palanpur": "https://www.swiggy.com/city/palanpur", "Pali": "https://www.swiggy.com/city/pali", "Palwal": "https://www.swiggy.com/city/palwal", "Panchgani": "https://www.swiggy.com/city/panchgani", "Panipat": "https://www.swiggy.com/city/panipat", "Paramakudi": "https://www.swiggy.com/city/paramakudi", "Parbhani": "https://www.swiggy.com/city/parbhani", "Pathankot": "https://www.swiggy.com/city/pathankot", "Patiala": "https://www.swiggy.com/city/patiala", "Patna": "https://www.swiggy.com/city/patna", "Pattukkottai": "https://www.swiggy.com/city/pattukkottai", "Payyannur": "https://www.swiggy.com/city/payyannur", "Perambalur": "https://www.swiggy.com/city/perambalur", "Perinthalmanna": "https://www.swiggy.com/city/perinthalmanna", "Phagwara": "https://www.swiggy.com/city/phagwara", "Phusro": "https://www.swiggy.com/city/phusro", "Pilani": "https://www.swiggy.com/city/pilani", "Pilibhit": "https://www.swiggy.com/city/pilibhit", "Pinjore-city": "https://www.swiggy.com/city/pinjore-city", "Pondicherry": "https://www.swiggy.com/city/pondicherry", "Porbandar": "https://www.swiggy.com/city/porbandar", "Port-blair": "https://www.swiggy.com/city/port-blair", "Pratapgarh": "https://www.swiggy.com/city/pratapgarh", "Proddatur": "https://www.swiggy.com/city/proddatur", "Pudukkottai": "https://www.swiggy.com/city/pudukkottai", "Pune": {"Wanowrie": "https://www.swiggy.com/city/pune/wanaowrie-restaurants", "Koregaon Park": "https://www.swiggy.com/city/pune/koregaon-park-restaurants", "Hadapsar": "https://www.swiggy.com/city/pune/hadapsar-restaurants", "Camp": "https://www.swiggy.com/city/pune/camp-restaurants", "Warje": "https://www.swiggy.com/city/pune/warje-restaurants", "Pimple Saudagar": "https://www.swiggy.com/city/pune/pimple-saudagar-restaurants", "Kothrud": "https://www.swiggy.com/city/pune/kothrud-restaurants", "Vishrantwadi": "https://www.swiggy.com/city/pune/vishrantwadi-restaurants", "Nanded City": "https://www.swiggy.com/city/pune/nanded-restaurants", "Sangvi": "https://www.swiggy.com/city/pune/sangvi-restaurants", "Bibwewadi": "https://www.swiggy.com/city/pune/bibwewadi-restaurants", "Wakad": "https://www.swiggy.com/city/pune/wakad-restaurants", "Kondhwa": "https://www.swiggy.com/city/pune/kondhwa-restaurants", "Swargate": "https://www.swiggy.com/city/pune/swargate-restaurants", "Nigdi": "https://www.swiggy.com/city/pune/nigdi-restaurants", "Bavdhan": "https://www.swiggy.com/city/pune/bavdhan-restaurants", "Bhosari": "https://www.swiggy.com/city/pune/bhosari-restaurants", "Sinhgad Road": "https://www.swiggy.com/city/pune/sinhgad-road-restaurants", "Wagholi": "https://www.swiggy.com/city/pune/wagholi-restaurants", "Narhe": "https://www.swiggy.com/city/pune/narhe-restaurants", "Hinjewadi": "https://www.swiggy.com/city/pune/hinjewadi-restaurants", "Bopodi": "https://www.swiggy.com/city/pune/bopodi-restaurants", "PCMC": "https://www.swiggy.com/city/pune/pcmc-restaurants", "Dhankawadi": "https://www.swiggy.com/city/pune/dhankawadi-restaurants", "Viman Nagar": "https://www.swiggy.com/city/pune/viman-nagar-restaurants", "Aundh": "https://www.swiggy.com/city/pune/aundh-restaurants", "Kalyani Nagar": "https://www.swiggy.com/city/pune/kalyani-nagar-restaurants", "Kharadi": "https://www.swiggy.com/city/pune/kharadi-restaurants", "Shivaji Nagar": "https://www.swiggy.com/city/pune/shivaji-nagar-restaurants", "Hinjewadi Phase-3": "https://www.swiggy.com/city/pune/hinjewadi-phase-3-restaurants", "Baner": "https://www.swiggy.com/city/pune/baner-restaurants", "Magarpatta": "https://www.swiggy.com/city/pune/magarpatta-restaurants", "link": "https://www.swiggy.com/city/pune"}, "Puri": "https://www.swiggy.com/city/puri", "Purnea": "https://www.swiggy.com/city/purnea", "Purulia": "https://www.swiggy.com/city/purulia", "Pusad": "https://www.swiggy.com/city/pusad", "Puttur": "https://www.swiggy.com/city/puttur", "Puttur-karnataka": "https://www.swiggy.com/city/puttur-karnataka", "Rae-bareli": "https://www.swiggy.com/city/rae-bareli", "Raghunathpur": "https://www.swiggy.com/city/raghunathpur", "Raichur": "https://www.swiggy.com/city/raichur", "Raiganj": "https://www.swiggy.com/city/raiganj", "Raigarh": "https://www.swiggy.com/city/raigarh", "Raipur": "https://www.swiggy.com/city/raipur", "Rajahmundry": "https://www.swiggy.com/city/rajahmundry", "Rajapalayam": "https://www.swiggy.com/city/rajapalayam", "Rajgarh": "https://www.swiggy.com/city/rajgarh", "Rajkot": "https://www.swiggy.com/city/rajkot", "Rajnandgaon": "https://www.swiggy.com/city/rajnandgaon", "Rajsamand": "https://www.swiggy.com/city/rajsamand", "Ramagundam": "https://www.swiggy.com/city/ramagundam", "Ramanagara": "https://www.swiggy.com/city/ramanagara", "Ramanathapuram": "https://www.swiggy.com/city/ramanathapuram", "Ramgarh": "https://www.swiggy.com/city/ramgarh", "Rampur": "https://www.swiggy.com/city/rampur", "Ranaghat": "https://www.swiggy.com/city/ranaghat", "Ranaghat-wb": "https://www.swiggy.com/city/ranaghat-wb", "Ranchi": "https://www.swiggy.com/city/ranchi", "Rangpo": "https://www.swiggy.com/city/rangpo", "Ranibennur": "https://www.swiggy.com/city/ranibennur", "Raniganj": "https://www.swiggy.com/city/raniganj", "Ratlam": "https://www.swiggy.com/city/ratlam", "Ratnagiri": "https://www.swiggy.com/city/ratnagiri", "Ravulapalem": "https://www.swiggy.com/city/ravulapalem", "Rayachoty": "https://www.swiggy.com/city/rayachoty", "Rewa": "https://www.swiggy.com/city/rewa", "Rewari": "https://www.swiggy.com/city/rewari", "Rishikesh": "https://www.swiggy.com/city/rishikesh", "Rohtak": "https://www.swiggy.com/city/rohtak", "Roorkee": "https://www.swiggy.com/city/roorkee", "Ropar": "https://www.swiggy.com/city/ropar", "Rourkela": "https://www.swiggy.com/city/rourkela", "Rudrapur": "https://www.swiggy.com/city/rudrapur", "Sagar": "https://www.swiggy.com/city/sagar", "Saharanpur": "https://www.swiggy.com/city/saharanpur", "Saharsa": "https://www.swiggy.com/city/saharsa", "Salem": "https://www.swiggy.com/city/salem", "Samastipur": "https://www.swiggy.com/city/samastipur", "Sambalpur": "https://www.swiggy.com/city/sambalpur", "Sangamner": "https://www.swiggy.com/city/sangamner", "Sangli": "https://www.swiggy.com/city/sangli", "Sangrur": "https://www.swiggy.com/city/sangrur", "Santipur": "https://www.swiggy.com/city/santipur", "Sasaram": "https://www.swiggy.com/city/sasaram", "Satara": "https://www.swiggy.com/city/satara", "Satna": "https://www.swiggy.com/city/satna", "Sawai-madhopur": "https://www.swiggy.com/city/sawai-madhopur", "Sawantwadi": "https://www.swiggy.com/city/sawantwadi", "Sehore": "https://www.swiggy.com/city/sehore", "Shahjahanpur": "https://www.swiggy.com/city/shahjahanpur", "Shamli": "https://www.swiggy.com/city/shamli", "Shikohabad": "https://www.swiggy.com/city/shikohabad", "Shillong": "https://www.swiggy.com/city/shillong", "Shimla": "https://www.swiggy.com/city/shimla", "Shirdi-city": "https://www.swiggy.com/city/shirdi-city", "Shivamogga": "https://www.swiggy.com/city/shivamogga", "Shivpuri": "https://www.swiggy.com/city/shivpuri", "Shravasti": "https://www.swiggy.com/city/shravasti", "Shrirampur": "https://www.swiggy.com/city/shrirampur", "Siddipet": "https://www.swiggy.com/city/siddipet", "Sikar": "https://www.swiggy.com/city/sikar", "Silchar": "https://www.swiggy.com/city/silchar", "Siliguri": "https://www.swiggy.com/city/siliguri", "Silvassa": "https://www.swiggy.com/city/silvassa", "Sindhanur": "https://www.swiggy.com/city/sindhanur", "Singrauli": "https://www.swiggy.com/city/singrauli", "Sirkali": "https://www.swiggy.com/city/sirkali", "Sirsa": "https://www.swiggy.com/city/sirsa", "Sirsi": "https://www.swiggy.com/city/sirsi", "Sitamarhi": "https://www.swiggy.com/city/sitamarhi", "Sitapur": "https://www.swiggy.com/city/sitapur", "Sivakasi": "https://www.swiggy.com/city/sivakasi", "Sivasagar": "https://www.swiggy.com/city/sivasagar", "Siwan": "https://www.swiggy.com/city/siwan", "Solan": "https://www.swiggy.com/city/solan", "Solapur": "https://www.swiggy.com/city/solapur", "Sonipat": "https://www.swiggy.com/city/sonipat", "South-goa": "https://www.swiggy.com/city/south-goa", "Sri-ganganagar": "https://www.swiggy.com/city/sri-ganganagar", "Srikakulam": "https://www.swiggy.com/city/srikakulam", "Srivilliputhur": "https://www.swiggy.com/city/srivilliputhur", "Sultanpur": "https://www.swiggy.com/city/sultanpur", "Surat": {"Athwa": "https://www.swiggy.com/city/surat/athwa-restaurants", "Adajan": "https://www.swiggy.com/city/surat/adajan-restaurants", "Piplod": "https://www.swiggy.com/city/surat/piplod-restaurants", "link": "https://www.swiggy.com/city/surat"}, "Suratgarh": "https://www.swiggy.com/city/suratgarh", "Surendranagar-dudhrej": "https://www.swiggy.com/city/surendranagar-dudhrej", "Suri": "https://www.swiggy.com/city/suri", "Suryapet": "https://www.swiggy.com/city/suryapet", "Tadepalligudem": "https://www.swiggy.com/city/tadepalligudem", "Tadpatri": "https://www.swiggy.com/city/tadpatri", "Tanuku": "https://www.swiggy.com/city/tanuku", "Tarn-taran-sahib": "https://www.swiggy.com/city/tarn-taran-sahib", "Tenkasi": "https://www.swiggy.com/city/tenkasi", "Tezpur": "https://www.swiggy.com/city/tezpur", "Thalassery": "https://www.swiggy.com/city/thalassery", "Thanjavur": "https://www.swiggy.com/city/thanjavur", "Theni": "https://www.swiggy.com/city/theni", "Thiruvalla": "https://www.swiggy.com/city/thiruvalla", "Thiruvallur": "https://www.swiggy.com/city/thiruvallur", "Thiruvananthapuram": "https://www.swiggy.com/city/thiruvananthapuram", "Thiruvarur": "https://www.swiggy.com/city/thiruvarur", "Thodupuzha": "https://www.swiggy.com/city/thodupuzha", "Thoothukudi": "https://www.swiggy.com/city/thoothukudi", "Thoubal": "https://www.swiggy.com/city/thoubal", "Thrissur": "https://www.swiggy.com/city/thrissur", "Tindivanam": "https://www.swiggy.com/city/tindivanam", "Tinsukia": "https://www.swiggy.com/city/tinsukia", "Tiptur": "https://www.swiggy.com/city/tiptur", "Tirunelveli": "https://www.swiggy.com/city/tirunelveli", "Tirupati": "https://www.swiggy.com/city/tirupati", "Tirupur": "https://www.swiggy.com/city/tirupur", "Tiruttani": "https://www.swiggy.com/city/tiruttani", "Tiruvannamalai": "https://www.swiggy.com/city/tiruvannamalai", "Tohana": "https://www.swiggy.com/city/tohana", "Trichy": "https://www.swiggy.com/city/trichy", "Tumakuru": "https://www.swiggy.com/city/tumakuru", "Tuni": "https://www.swiggy.com/city/tuni", "Udaipur": "https://www.swiggy.com/city/udaipur", "Udgir": "https://www.swiggy.com/city/udgir", "Udhampur": "https://www.swiggy.com/city/udhampur", "Ujjain": "https://www.swiggy.com/city/ujjain", "Uluberia": "https://www.swiggy.com/city/uluberia", "Unnao": "https://www.swiggy.com/city/unnao", "Uran-islampur": "https://www.swiggy.com/city/uran-islampur", "Vadodara": {"Akota": "https://www.swiggy.com/city/vadodara/Akota-restaurants", "Alkapuri": "https://www.swiggy.com/city/vadodara/alkapuri-restaurants", "Vadiwadi": "https://www.swiggy.com/city/vadodara/vadiwadi-restaurants", "link": "https://www.swiggy.com/city/vadodara"}, "Valsad": "https://www.swiggy.com/city/valsad", "Vapi": "https://www.swiggy.com/city/vapi", "Varanasi": "https://www.swiggy.com/city/varanasi", "Varkala": "https://www.swiggy.com/city/varkala", "Vellore": "https://www.swiggy.com/city/vellore", "Veraval": "https://www.swiggy.com/city/veraval", "Vidisha": "https://www.swiggy.com/city/vidisha", "Vijayawada": {"Benz Circle and Auto Nagar": "https://www.swiggy.com/city/vijayawada/benz-circle-and-auto-nagar-restaurants", "Governorpet": "https://www.swiggy.com/city/vijayawada/governorpet-restaurants", "link": "https://www.swiggy.com/city/vijayawada"}, "Viluppuram": "https://www.swiggy.com/city/viluppuram", "Virudhunagar": "https://www.swiggy.com/city/virudhunagar", "Visnagar": "https://www.swiggy.com/city/visnagar", "Vizag": {"N A D": "https://www.swiggy.com/city/vizag/N A D-restaurants", "Gajuwaka": "https://www.swiggy.com/city/vizag/Gajuwaka-restaurants", "Jagadamba Junction": "https://www.swiggy.com/city/vizag/jagadamba-junction-restaurants", "MVP Colony": "https://www.swiggy.com/city/vizag/mvp-colony-restaurants", "Dwarka Nagar": "https://www.swiggy.com/city/vizag/dwarka-nagar-restaurants", "link": "https://www.swiggy.com/city/vizag"}, "Vizianagaram": "https://www.swiggy.com/city/vizianagaram", "Vyara": "https://www.swiggy.com/city/vyara", "Waidhan": "https://www.swiggy.com/city/waidhan", "Warangal": "https://www.swiggy.com/city/warangal", "Wardha": "https://www.swiggy.com/city/wardha", "Washim": "https://www.swiggy.com/city/washim", "Wayanad": "https://www.swiggy.com/city/wayanad", "Yamuna-nagar": "https://www.swiggy.com/city/yamuna-nagar", "Yavatmal": "https://www.swiggy.com/city/yavatmal"}